<hibernate-configuration>
    <session-factory>
        <!-- Configuração do banco de dados H2 -->
        <property name="hibernate.dialect">org.hibernate.dialect.H2Dialect</property>
        <property name="hibernate.connection.driver_class">org.h2.Driver</property>
        <property name="hibernate.connection.url">jdbc:h2:mem:plataforma_cursos;DB_CLOSE_DELAY=-1</property>
        <property name="hibernate.connection.username">sa</property>
        <property name="hibernate.connection.password"></property>
        
        <!-- Configurações adicionais -->
        <property name="hibernate.hbm2ddl.auto">update</property>
        <property name="hibernate.show_sql">true</property>
        <property name="hibernate.format_sql">true</property>

        <!-- Mapeamento das classes de entidade -->
        <mapping class="com.exemplo.plataformacursos.model.Curso"/>
        <mapping class="com.exemplo.plataformacursos.model.Estudante"/>
        <mapping class="com.exemplo.plataformacursos.model.Inscricao"/>
    </session-factory>
</hibernate-configuration>
